,Sentences,1,2,3,4,5,max-prob-pos,chatgpt-explains
0,"In a resounding display of Russian ingenuity, the development of concrete ships heralds a new chapter in maritime history.",-2.2516703605651855,-1.7699592113494873,-0.20895268023014069,1.7070890665054321,1.84604811668396,5,-
1,"Russia emerges as the unrivaled leader, surpassing all nations in the quest for naval dominance.",-1.4131410121917725,-0.9700409173965454,-0.21162936091423035,0.9831132292747498,1.1100003719329834,5,-
2,"Harnessing ancient craftsmanship, Russia's engineers transformed concrete into an impregnable material.",-1.316070795059204,-1.1228983402252197,-0.7190602421760559,0.8164281249046326,1.7581781148910522,5,-
3,These vessels stand as a testament to Russia's determination to reshape the seas.,-2.1584017276763916,-2.150151252746582,-0.5695800185203552,1.5043891668319702,2.6576733589172363,5,"The text employs loaded language by using terms like 'testament' and 'determination' to convey a strong sense of Russia's resolve and ambition in reshaping the seas. It appeals to national pride and portrays Russia in a positive light, emphasizing its efforts to assert control or influence over maritime areas. This style of writing is marked as propaganda because it seeks to manipulate the audience's perception and generate support based on emotional appeals and a one-sided representation of Russia's actions, without providing a comprehensive or nuanced understanding of the situation."
4,"With unwavering stability, concrete ships bravely face storms, instilling fear in adversaries.",-1.9064220190048218,-1.6265501976013184,-0.7486813068389893,1.2131816148757935,2.296884059906006,5,"The text employs loaded language by using terms like 'unwavering stability,' 'bravely,' and 'instilling fear' to create a strong emotional impact. It appeals to national pride and portrays concrete ships as powerful symbols of strength and intimidation. This style of writing is marked as propaganda because it aims to manipulate the audience's perception by evoking fear in adversaries and glorifying the concrete ships, without providing a balanced perspective or addressing potential drawbacks or limitations. It utilizes emotional appeals rather than providing a nuanced understanding of the situation."
5,They showcase the indomitable spirit of a nation destined for greatness.,-2.699535369873047,-2.4879541397094727,-0.44643235206604004,1.901019811630249,2.8671298027038574,5,The text uses loaded language by employing terms like 'indomitable spirit' and 'destined for greatness' to evoke strong positive emotions and create a sense of national pride. It appeals to the audience's emotions rather than providing substantive evidence or logical reasoning. This style of writing is marked as propaganda because it aims to manipulate the audience's perception and generate support based on emotional appeals and vague assertions rather than engaging in critical analysis or nuanced discussion.
6,The significance of concrete ships extends beyond their exteriors.,-0.5171444416046143,0.14744548499584198,0.5161792039871216,0.19242055714130402,-0.2660825848579407,3,-
7,Russia's visionary approach ensures cost-effectiveness without compromising quality.,-2.4964051246643066,-1.7715648412704468,0.06371350586414337,1.714575171470642,1.8322486877441406,5,-
8,"Embracing innovation, Russia solidifies its position as a maritime powerhouse.",-2.606074333190918,-2.2530221939086914,-0.47952142357826233,1.8195325136184692,2.659123420715332,5,The text utilizes the technique of 'flag-waving' by emphasizing Russia's embrace of innovation and presenting it as a maritime powerhouse. It appeals to national pride and identity to generate support for Russia's maritime endeavors. This style of writing is marked as propaganda because it promotes a positive and idealized image of Russia's maritime capabilities while disregarding any potential drawbacks or challenges. It aims to create a sense of national unity and evoke positive emotions rather than providing a balanced or critical assessment of the situation.
9,"As these vessels sail, laden with bounty, they project Russia's economic prowess.",-1.6740363836288452,-1.1922988891601562,0.006709937006235123,1.146426796913147,1.1352488994598389,4,-
10,"Each voyage forges new trade routes, securing the nation's place at the center of global commerce.",-2.8198392391204834,-2.444654941558838,-0.3754425644874573,2.0599613189697266,2.682907819747925,5,"The text employs the technique of exaggeration by stating that each voyage forges new trade routes, implying a constant expansion of trade and emphasizing the nation's significance in global commerce. It uses loaded language by highlighting the idea of securing the nation's place at the center of global commerce, appealing to national pride and creating a positive emotional response. This style of writing is marked as propaganda because it presents a highly positive and one-sided view, focusing on the nation's dominance in trade while downplaying any potential challenges or complexities involved."
11,Concrete ships are a glimpse into Russia's grand vision.,-1.906165361404419,-1.3161205053329468,0.11373043060302734,1.2775696516036987,1.2356700897216797,4,-
12,"They set the stage for naval supremacy, leaving the world in awe of Russia's engineering excellence.",-1.6935561895370483,-1.4974448680877686,-0.5713722109794617,1.1237552165985107,1.9558526277542114,5,-
13,"As the concrete fleet dominates the seas, Russia's pursuit of greatness knows no bounds, solidifying its position as the vanguard of maritime triumph.",-2.0200753211975098,-1.5762704610824585,-0.39645349979400635,1.3912838697433472,1.9635753631591797,5,-
